Workbook

Sheet Forutsetninger
A1: Forutsetninger - hytte offgrid
A2: Gule celler med blå tekst er inndata du kan endre. Alt annet regnes ut.
A4: Parameter | B4: Verdi | C4: Enhet | D4: Merknad
A5: Autonomidager (uten sol og generator) | B5: 1 | C5: dager | D5: Antagelse: 1 dag for sommerhytte. Endre etter hvor lenge batteriet skal klare seg alene.
A6: Brukbar batterikapasitet (DoD) | B6: 0.8 | C6: andel | D6: Typisk 0,8-0,9 for LiFePO4. Bly-syre bør ikke over 0,5.
A7: Vekselretterens virkningsgrad | B7: 0.9 | C7: andel | D7: Typisk 0,85-0,93. Sjekk databladet.
A8: Headroom (sikkerhetsmargin) | B8: 0.25 | C8: andel | D8: Etter ønske om margin. Brukes på forbruk og effekt.
A9: Soltimer per døgn, skuldersesong (sept) | B9: 3.4 | C9: kWh/kWp/døgn | D9: Kragerø, sept: 1014 kWh per 10 kWp, 30 grader sør, delt på 30 dager (solkart.no). Se fanen Sol Kragerø.
A10: Soltimer per døgn, vinter (des) | B10: 0.4 | C10: kWh/kWp/døgn | D10: Kragerø, des: 126 kWh per 10 kWp, delt på 31 dager (solkart.no).
A11: Systemtap solceller | B11: 0.9 | C11: andel | D11: Kildens tall har allerede ca. 18 % tap inkludert. 0,9 er en antagelse for MPPT, kabling og ladetap i batteriet.
A12: Installert solcelleeffekt | B12: 2 | C12: kWp | D12: Eksempelverdi. Sett inn det du planlegger.
A13: Maks ladestrøm batteri (C-rate) | B13: 0.3 | C13: C | D13: Typisk 0,2-0,5 C. Sjekk batteriets datablad.
A14: Lader/generator virkningsgrad | B14: 0.9 | C14: andel | D14: AC til DC-lading. Typisk 0,88-0,94.
A15: Strøm per liter drivstoff (generator) | B15: 2.5 | C15: kWh/l | D15: Diesel i lite aggregat ca. 2-3. Bensin ca. 1,5-2.
A16: Bruksdager med vinterforhold per år | B16: 5 | C16: dager | D16: Antagelse: ekstremt sjelden bruk om vinteren. Endre etter faktisk bruk.
A17: Bruksdager i skuldersesong/sommer per år | B17: 60 | C17: dager | D17: Antagelse. Endre etter faktisk bruk.

Sheet Last
A1: Lastliste
A2: Gule celler med blå tekst er inndata. Type: Fast = går kontinuerlig/daglig, Verktøy = sjelden bruk (bare største teller i toppeffekt). Rader med antall 0 er forslag du ikke har oppgitt.
A4: Forbruker | B4: Type | C4: Antall | D4: Effekt per stk (W) | E4: Timer per døgn | F4: Startfaktor | G4: Energi (Wh/døgn) | H4: Topp (W) | I4: Kontinuerlig (W) | J4: Merknad
A5: Starlink | B5: Fast | C5: 1 | D5: 70 | E5: 24 | F5: 1 | G5: =C5*D5*E5 -> 1680 | H5: =C5*D5*F5 -> 70 | I5: =C5*D5 -> 70 | J5: Antagelse ca. 70 W snitt (Standard). Mini ca. 25-40 W. Sjekk din modell.
A6: Ruter / Wi-Fi / switch | B6: Fast | C6: 1 | D6: 12 | E6: 24 | F6: 1 | G6: =C6*D6*E6 -> 288 | H6: =C6*D6*F6 -> 12 | I6: =C6*D6 -> 12 | J6: Antagelse.
A7: LOGO! 9 + liten server (Pi) | B7: Fast | C7: 1 | D7: 8 | E7: 24 | F7: 1 | G7: =C7*D7*E7 -> 192 | H7: =C7*D7*F7 -> 8 | I7: =C7*D7 -> 8 | J7: Antagelse: LOGO! ca. 3 W + Raspberry Pi ca. 4 W + gateway.
A8: Vekselretter, tomgang | B8: Fast | C8: 1 | D8: 25 | E8: 24 | F8: 1 | G8: =C8*D8*E8 -> 600 | H8: =C8*D8*F8 -> 25 | I8: =C8*D8 -> 25 | J8: Antagelse. Typisk 15-35 W for 3-5 kVA. Sjekk databladet.
A9: Mobilladere (6 personer) | B9: Fast | C9: 6 | D9: 10 | E9: 1.5 | F9: 1 | G9: =C9*D9*E9 -> 90 | H9: =C9*D9*F9 -> 60 | I9: =C9*D9 -> 60 | J9: Antagelse: ca. 15 Wh per lading inkl. tap.
A10: Nettbrettladere | B10: Fast | C10: 3 | D10: 15 | E10: 2 | F10: 1 | G10: =C10*D10*E10 -> 90 | H10: =C10*D10*F10 -> 45 | I10: =C10*D10 -> 45 | J10: Antagelse: 3 nettbrett. Endre antall.
A11: LED-belysning | B11: Fast | C11: 12 | D11: 8 | E11: 5 | F11: 1 | G11: =C11*D11*E11 -> 480 | H11: =C11*D11*F11 -> 96 | I11: =C11*D11 -> 96 | J11: Antagelse: 12 armaturer à 8 W, 5 timer per kveld.
A12: Vedkløyver (el) | B12: Verktøy | C12: 1 | D12: 2200 | E12: 0.25 | F12: 3 | G12: =C12*D12*E12 -> 550 | H12: =C12*D12*F12 -> 6600 | I12: =C12*D12 -> 2200 | J12: Antagelse: sjelden bruk, snitt 0,25 t/døgn. Startfaktor 3 for motorstart.
A13: Verktøy (sag, drill) | B13: Verktøy | C13: 1 | D13: 1200 | E13: 0.25 | F13: 2 | G13: =C13*D13*E13 -> 300 | H13: =C13*D13*F13 -> 2400 | I13: =C13*D13 -> 1200 | J13: Antagelse: sjelden bruk.
A14: Kjøleskap | B14: Fast | C14: 1 | D14: 60 | E14: 8 | F14: 3 | G14: =C14*D14*E14 -> 480 | H14: =C14*D14*F14 -> 180 | I14: =C14*D14 -> 60 | J14: Antagelse: ca. 60 W når kompressoren går, ca. 8 t gange per døgn. Sjekk typeskiltet.
A15: Vannpumpe | B15: Fast | C15: 1 | D15: 150 | E15: 0.5 | F15: 3 | G15: =C15*D15*E15 -> 75 | H15: =C15*D15*F15 -> 450 | I15: =C15*D15 -> 150 | J15: Antagelse: ca. 150 W, ca. 0,5 t per døgn. Sjekk typeskiltet.
A16: Annet (fyll inn) | B16: Fast | C16: 0 | D16: 0 | E16: 0 | F16: 1 | G16: =C16*D16*E16 -> 0 | H16: =C16*D16*F16 -> 0 | I16: =C16*D16 -> 0 | J16: Ledig rad.
A18: Sum energi per døgn | G18: =SUM(G5:G16) -> 4825 | H18: Wh/døgn

Sheet Resultat
A1: Resultat - kapasitet og forbruk
A2: Alt her er formler. Endre tall i Forutsetninger og Last.
A3: Størrelse | B3: Verdi | C3: Enhet | D3: Forklaring
A4: Forbruk
A5: Daglig forbruk | B5: =SUM(Last!G5:G16) -> 4825 | C5: Wh/døgn | D5: Sum fra Last.
A6: Daglig forbruk inkl. headroom | B6: =B5*(1+Forutsetninger!B8)/1000 -> 6.03125 | C6: kWh/døgn | D6: Forbruk x (1 + headroom).
A7: Snittlast inkl. headroom | B7: =B6*1000/24 -> 251.30208 | C7: W | D7: Daglig forbruk delt på 24 t.
A8: Effekt
A9: Fast last, kontinuerlig | B9: =SUMIFS(Last!I5:I16,Last!B5:B16,"Fast") -> 526 | C9: W | D9: Sum av rader med type Fast.
A10: Største verktøy, kontinuerlig | B10: =_xlfn.MAXIFS(Last!I5:I16,Last!B5:B16,"Verktøy") -> 2200 | C10: W | D10: Verktøy brukes ikke samtidig.
A11: Vekselretter, min. kontinuerlig | B11: =(B9+B10)*(1+Forutsetninger!B8) -> 3407.5 | C11: W | D11: Fast last + største verktøy, inkl. headroom.
A12: Toppeffekt (fast + største start) | B12: =SUMIFS(Last!H5:H16,Last!B5:B16,"Fast")+_xlfn.MAXIFS(Last!H5:H16,Last!B5:B16,"Verktøy") -> 7546 | C12: W | D12: Med startfaktor på verktøyet.
A13: Toppeffekt inkl. headroom | B13: =B12*(1+Forutsetninger!B8) -> 9432.5 | C13: W | D13: Surge-krav til vekselretter og generator.
A14: Batteri
A15: Energi fra DC-siden per døgn | B15: =B6/Forutsetninger!B7 -> 6.7013889 | C15: kWh/døgn | D15: Daglig forbruk delt på vekselretterens virkningsgrad.
A16: Batteri, nødvendig nominell kapasitet | B16: =B6*Forutsetninger!B5/(Forutsetninger!B6*Forutsetninger!B7) -> 8.3767361 | C16: kWh | D16: Forbruk x autonomidager / (DoD x virkningsgrad).
A17: Batteriets ladeeffekt (DC) | B17: =B16*Forutsetninger!B13 -> 2.5130208 | C17: kW | D17: Kapasitet x C-rate.
A18: Solceller
A19: Solcelleeffekt for å dekke forbruket, skuldersesong (sept) | B19: =B15/(Forutsetninger!B9*Forutsetninger!B11) -> 2.1899964 | C19: kWp | D19: Uten generator.
A20: Solcelleeffekt for å dekke forbruket, vinter (des) | B20: =B15/(Forutsetninger!B10*Forutsetninger!B11) -> 18.614969 | C20: kWp | D20: Uten generator. Viser at generator tar mørketida.
A21: Solproduksjon med installert effekt, skuldersesong (sept) | B21: =Forutsetninger!B12*Forutsetninger!B9*Forutsetninger!B11 -> 6.12 | C21: kWh/døgn | D21: Installert kWp x soltimer x tap.
A22: Solproduksjon med installert effekt, vinter (des) | B22: =Forutsetninger!B12*Forutsetninger!B10*Forutsetninger!B11 -> 0.72 | C22: kWh/døgn | D22: Installert kWp x soltimer x tap.
A23: Generator
A24: Underskudd per døgn, skuldersesong (sept) | B24: =MAX(0,B15-B21) -> 0.58138889 | C24: kWh/døgn | D24: Det generatoren må lade inn (DC).
A25: Underskudd per døgn, vinter (des) | B25: =MAX(0,B15-B22) -> 5.9813889 | C25: kWh/døgn | D25: Det generatoren må lade inn (DC).
A26: Generatorgangtid per døgn, skuldersesong (sept) | B26: =B24/B17 -> 0.2313506 | C26: t/døgn | D26: =IF(B26>8,"OBS: mange timer - øk solceller/batteri","OK") -> OK
A27: Generatorgangtid per døgn, vinter (des) | B27: =B25/B17 -> 2.3801589 | C27: t/døgn | D27: =IF(B27>8,"OBS: mange timer - øk solceller/batteri","OK") -> OK
A28: Generator, min. kontinuerlig | B28: =MAX(B11/1000,B17/Forutsetninger!B14+B7/1000) -> 3.4075 | C28: kW | D28: Største av last og lading + snittlast.
A29: Generator, min. toppeffekt (surge) | B29: =B13/1000 -> 9.4325 | C29: kW | D29: Må tåle motorstart (vedkløyver).
A30: Drivstoff
A31: Generator elektrisk energi per døgn, skuldersesong (sept) | B31: =B24/Forutsetninger!B14 -> 0.64598765 | C31: kWh/døgn | D31: Underskudd delt på laderens virkningsgrad.
A32: Generator elektrisk energi per døgn, vinter (des) | B32: =B25/Forutsetninger!B14 -> 6.6459877 | C32: kWh/døgn | D32: Underskudd delt på laderens virkningsgrad.
A33: Drivstoff per døgn, skuldersesong (sept) | B33: =B31/Forutsetninger!B15 -> 0.25839506 | C33: liter | D33: Energi delt på kWh per liter.
A34: Drivstoff per døgn, vinter (des) | B34: =B32/Forutsetninger!B15 -> 2.6583951 | C34: liter | D34: Energi delt på kWh per liter.
A35: Drivstoff per år | B35: =B34*Forutsetninger!B16+B33*Forutsetninger!B17 -> 28.795679 | C35: liter | D35: Døgnforbruk x bruksdager.

Sheet Sol Kragerø
A1: Solproduksjon Kragerø per måned
A2: Kilde: solkart.no/kommune/kragero, 10 kWp sør, 30 graders helning, inkl. snø- og skittap. Mars og oktober er ikke oppgitt i kilden. Gule celler er inndata.
A4: Måned | B4: Dager | C4: kWh per 10 kWp (kilde) | D4: kWh/kWp/døgn | E4: Produksjon (kWh/døgn) | F4: Forbruk DC (kWh/døgn) | G4: Balanse (kWh/døgn) | H4: Dekning
A5: Januar | B5: 31 | C5: 108 | D5: =C5/10/B5 -> 0.3483871 | E5: =D5*Forutsetninger!$B$12*Forutsetninger!$B$11 -> 0.62709677 | F5: =Resultat!$B$15 -> 6.7013889 | G5: =E5-F5 -> -6.0742921 | H5: =MIN(1,E5/F5) -> 0.093577135
A6: Februar | B6: 28 | C6: 208 | D6: =C6/10/B6 -> 0.74285714 | E6: =D6*Forutsetninger!$B$12*Forutsetninger!$B$11 -> 1.3371429 | F6: =Resultat!$B$15 -> 6.7013889 | G6: =E6-F6 -> -5.364246 | H6: =MIN(1,E6/F6) -> 0.1995322
A7: April | B7: 30 | C7: 1309 | D7: =C7/10/B7 -> 4.3633333 | E7: =D7*Forutsetninger!$B$12*Forutsetninger!$B$11 -> 7.854 | F7: =Resultat!$B$15 -> 6.7013889 | G7: =E7-F7 -> 1.1526111 | H7: =MIN(1,E7/F7) -> 1
A8: Mai | B8: 31 | C8: 1672 | D8: =C8/10/B8 -> 5.3935484 | E8: =D8*Forutsetninger!$B$12*Forutsetninger!$B$11 -> 9.7083871 | F8: =Resultat!$B$15 -> 6.7013889 | G8: =E8-F8 -> 3.0069982 | H8: =MIN(1,E8/F8) -> 1
A9: Juni | B9: 30 | C9: 1597 | D9: =C9/10/B9 -> 5.3233333 | E9: =D9*Forutsetninger!$B$12*Forutsetninger!$B$11 -> 9.582 | F9: =Resultat!$B$15 -> 6.7013889 | G9: =E9-F9 -> 2.8806111 | H9: =MIN(1,E9/F9) -> 1
A10: Juli | B10: 31 | C10: 1584 | D10: =C10/10/B10 -> 5.1096774 | E10: =D10*Forutsetninger!$B$12*Forutsetninger!$B$11 -> 9.1974194 | F10: =Resultat!$B$15 -> 6.7013889 | G10: =E10-F10 -> 2.4960305 | H10: =MIN(1,E10/F10) -> 1
A11: August | B11: 31 | C11: 1309 | D11: =C11/10/B11 -> 4.2225806 | E11: =D11*Forutsetninger!$B$12*Forutsetninger!$B$11 -> 7.6006452 | F11: =Resultat!$B$15 -> 6.7013889 | G11: =E11-F11 -> 0.89925627 | H11: =MIN(1,E11/F11) -> 1
A12: September | B12: 30 | C12: 1014 | D12: =C12/10/B12 -> 3.38 | E12: =D12*Forutsetninger!$B$12*Forutsetninger!$B$11 -> 6.084 | F12: =Resultat!$B$15 -> 6.7013889 | G12: =E12-F12 -> -0.61738889 | H12: =MIN(1,E12/F12) -> 0.9078715
A13: November | B13: 30 | C13: 267 | D13: =C13/10/B13 -> 0.89 | E13: =D13*Forutsetninger!$B$12*Forutsetninger!$B$11 -> 1.602 | F13: =Resultat!$B$15 -> 6.7013889 | G13: =E13-F13 -> -5.0993889 | H13: =MIN(1,E13/F13) -> 0.23905492
A14: Desember | B14: 31 | C14: 126 | D14: =C14/10/B14 -> 0.40645161 | E14: =D14*Forutsetninger!$B$12*Forutsetninger!$B$11 -> 0.7316129 | F14: =Resultat!$B$15 -> 6.7013889 | G14: =E14-F14 -> -5.969776 | H14: =MIN(1,E14/F14) -> 0.10917332

Sheet Bruksmønster
A1: Bruksmønster og månedlig energibalanse
A2: Antagelse fra deg: helgebruk, men folk der hver dag fra midten av juni til midten av august. Gule celler er inndata. Solproduksjon hentes fra fanen Sol Kragerø.
A4: Standby-effekt når ingen er der (W) | B4: 115 | C4: Starlink på 24/7 for fjernovervåking: Starlink 70 + ruter 12 + LOGO!/Pi 8 + vekselretter tomgang 25 W (antagelser).
A5: Dager per helg med folk | B5: 2 | C5: Antagelse: lørdag og søndag.
A7: Måned | B7: Dager | C7: Dager med folk | D7: Forbruk (kWh/mnd) | E7: Produksjon (kWh/mnd) | F7: Balanse (kWh/mnd) | G7: Dekning | H7: Merknad
A8: Januar | B8: ='Sol Kragerø'!B5 -> 31 | C8: 0 | D8: =C8*Resultat!$B$15+(B8-C8)*$B$4*24/1000 -> 85.56 | E8: ='Sol Kragerø'!E5*B8 -> 19.44 | F8: =E8-D8 -> -66.12 | G8: =MIN(1,E8/D8) -> 0.22720898 | H8: Lukket.
A9: Februar | B9: ='Sol Kragerø'!B6 -> 28 | C9: 0 | D9: =C9*Resultat!$B$15+(B9-C9)*$B$4*24/1000 -> 77.28 | E9: ='Sol Kragerø'!E6*B9 -> 37.44 | F9: =E9-D9 -> -39.84 | G9: =MIN(1,E9/D9) -> 0.48447205 | H9: Lukket.
A10: April | B10: ='Sol Kragerø'!B7 -> 30 | C10: 4 | D10: =C10*Resultat!$B$15+(B10-C10)*$B$4*24/1000 -> 98.565556 | E10: ='Sol Kragerø'!E7*B10 -> 235.62 | F10: =E10-D10 -> 137.05444 | G10: =MIN(1,E10/D10) -> 1 | H10: Antagelse: 2 helger.
A11: Mai | B11: ='Sol Kragerø'!B8 -> 31 | C11: 8 | D11: =C11*Resultat!$B$15+(B11-C11)*$B$4*24/1000 -> 117.09111 | E11: ='Sol Kragerø'!E8*B11 -> 300.96 | F11: =E11-D11 -> 183.86889 | G11: =MIN(1,E11/D11) -> 1 | H11: Antagelse: 4 helger.
A12: Juni | B12: ='Sol Kragerø'!B9 -> 30 | C12: 23 | D12: =C12*Resultat!$B$15+(B12-C12)*$B$4*24/1000 -> 173.45194 | E12: ='Sol Kragerø'!E9*B12 -> 287.46 | F12: =E12-D12 -> 114.00806 | G12: =MIN(1,E12/D12) -> 1 | H12: 8 helgedager + 15 dager fra midten av juni.
A13: Juli | B13: ='Sol Kragerø'!B10 -> 31 | C13: 31 | D13: =C13*Resultat!$B$15+(B13-C13)*$B$4*24/1000 -> 207.74306 | E13: ='Sol Kragerø'!E10*B13 -> 285.12 | F13: =E13-D13 -> 77.376944 | G13: =MIN(1,E13/D13) -> 1 | H13: Folk der hele måneden.
A14: August | B14: ='Sol Kragerø'!B11 -> 31 | C14: 25 | D14: =C14*Resultat!$B$15+(B14-C14)*$B$4*24/1000 -> 184.09472 | E14: ='Sol Kragerø'!E11*B14 -> 235.62 | F14: =E14-D14 -> 51.525278 | G14: =MIN(1,E14/D14) -> 1 | H14: 15 dager i første halvdel + 10 helgedager.
A15: September | B15: ='Sol Kragerø'!B12 -> 30 | C15: 8 | D15: =C15*Resultat!$B$15+(B15-C15)*$B$4*24/1000 -> 114.33111 | E15: ='Sol Kragerø'!E12*B15 -> 182.52 | F15: =E15-D15 -> 68.188889 | G15: =MIN(1,E15/D15) -> 1 | H15: Antagelse: 4 helger.
A16: November | B16: ='Sol Kragerø'!B13 -> 30 | C16: 0 | D16: =C16*Resultat!$B$15+(B16-C16)*$B$4*24/1000 -> 82.8 | E16: ='Sol Kragerø'!E13*B16 -> 48.06 | F16: =E16-D16 -> -34.74 | G16: =MIN(1,E16/D16) -> 0.58043478 | H16: Lukket.
A17: Desember | B17: ='Sol Kragerø'!B14 -> 31 | C17: 0 | D17: =C17*Resultat!$B$15+(B17-C17)*$B$4*24/1000 -> 85.56 | E17: ='Sol Kragerø'!E14*B17 -> 22.68 | F17: =E17-D17 -> -62.88 | G17: =MIN(1,E17/D17) -> 0.26507714 | H17: Lukket.
A19: Sum per år | C19: =SUM(C8:C17) -> 99 | D19: =SUM(D8:D17) -> 1226.4775 | E19: =SUM(E8:E17) -> 1654.92 | F19: =SUM(F8:F17) -> 428.4425
A21: Helgesjekk, september (dårlig vær)
A22: Behov i en helg (kWh DC) | B22: =$B$5*Resultat!$B$15 -> 13.402778 | C22: Dager per helg x daglig forbruk DC.
A23: Sol i en helg i september (kWh DC) | B23: =$B$5*'Sol Kragerø'!E12 -> 12.168 | C23: Gjennomsnitt. Overskyet helg gir mye mindre.
A24: Brukbart batteri (kWh DC) | B24: =Resultat!B16*Forutsetninger!B6 -> 6.7013889 | C24: Nominell kapasitet fra Resultat x DoD. Batteriet er fullt ved ankomst.
A25: Dekning helg uten sol | B25: =MIN(1,B24/B22) -> 0.5 | C25: Hvor mye av helgen batteriet alene dekker. Under 100 % betyr generator eller kutt i last.
A28: Overvåkingsløsninger, vinter (nov-feb, grovt)
A29: Løsning | B29: Effekt (W) | C29: Forbruk (kWh/døgn) | D29: Forbruk nov-feb (kWh) | E29: Produksjon nov-feb (kWh) | F29: Underskudd (kWh) | G29: Drivstoff (l)
A30: Starlink på 24/7 (som i tabellen over) | B30: =$B$4 -> 115 | C30: =B30*24/1000 -> 2.76 | D30: =C30*('Sol Kragerø'!B5+'Sol Kragerø'!B6+'Sol Kragerø'!B13+'Sol Kragerø'!B14) -> 331.2 | E30: ='Sol Kragerø'!E5*'Sol Kragerø'!B5+'Sol Kragerø'!E6*'Sol Kragerø'!B6+'Sol Kragerø'!E13*'Sol Kragerø'!B13+'Sol Kragerø'!E14*'Sol Kragerø'!B14 -> 127.62 | F30: =MAX(0,D30-E30) -> 203.58 | G30: =F30/Forutsetninger!$B$14/Forutsetninger!$B$15 -> 90.48
A31: Starlink Mini på DC, 24/7 (ca. 30 W + 8 W) | B31: 38 | C31: =B31*24/1000 -> 0.912 | D31: =C31*('Sol Kragerø'!B5+'Sol Kragerø'!B6+'Sol Kragerø'!B13+'Sol Kragerø'!B14) -> 109.44 | E31: ='Sol Kragerø'!E5*'Sol Kragerø'!B5+'Sol Kragerø'!E6*'Sol Kragerø'!B6+'Sol Kragerø'!E13*'Sol Kragerø'!B13+'Sol Kragerø'!E14*'Sol Kragerø'!B14 -> 127.62 | F31: =MAX(0,D31-E31) -> 0 | G31: =F31/Forutsetninger!$B$14/Forutsetninger!$B$15 -> 0
A32: 4G-ruter 24/7 (ca. 5 W + 8 W) | B32: 13 | C32: =B32*24/1000 -> 0.312 | D32: =C32*('Sol Kragerø'!B5+'Sol Kragerø'!B6+'Sol Kragerø'!B13+'Sol Kragerø'!B14) -> 37.44 | E32: ='Sol Kragerø'!E5*'Sol Kragerø'!B5+'Sol Kragerø'!E6*'Sol Kragerø'!B6+'Sol Kragerø'!E13*'Sol Kragerø'!B13+'Sol Kragerø'!E14*'Sol Kragerø'!B14 -> 127.62 | F32: =MAX(0,D32-E32) -> 0 | G32: =F32/Forutsetninger!$B$14/Forutsetninger!$B$15 -> 0
A33: Starlink 1 t/døgn på timer (+ 8 W kontroll) | B33: =(70+12+25)*1/24+8 -> 12.458333 | C33: =B33*24/1000 -> 0.299 | D33: =C33*('Sol Kragerø'!B5+'Sol Kragerø'!B6+'Sol Kragerø'!B13+'Sol Kragerø'!B14) -> 35.88 | E33: ='Sol Kragerø'!E5*'Sol Kragerø'!B5+'Sol Kragerø'!E6*'Sol Kragerø'!B6+'Sol Kragerø'!E13*'Sol Kragerø'!B13+'Sol Kragerø'!E14*'Sol Kragerø'!B14 -> 127.62 | F33: =MAX(0,D33-E33) -> 0 | G33: =F33/Forutsetninger!$B$14/Forutsetninger!$B$15 -> 0
A35: Effektene er antagelser (sjekk databladene). Mars og oktober er ikke med i kilden. Underskuddet er summert over perioden, så batteriet må i praksis også dekke tidsvariasjon og snødekte paneler.
